patch_id,candidate_class,vegetation_trend,n_triplets,has_reference
p00028,decline,moderate_decline,0,False
p00100,decline,moderate_decline,0,False
p00109,decline,moderate_decline,0,False
p00126,decline,moderate_decline,0,False
p00133,decline,strong_decline,0,False
p00154,stable,moderate_decline,0,False
p00166,decline,moderate_decline,0,False
p00183,stable,stable,0,False
p00264,stable,moderate_decline,0,False
p00279,stable,stable,0,False
p00296,stable,moderate_decline,0,False
p00297,decline,moderate_decline,0,False
p00298,stable,moderate_decline,0,False
p00312,increase,stable,0,False
p00325,decline,strong_decline,0,False
p00328,decline,strong_decline,0,False
p00374,stable,stable,0,False
p00385,stable,stable,0,False
p00402,stable,stable,0,False
p00453,increase,slight_greening,0,False
p00469,stable,moderate_decline,0,False
p00491,decline,moderate_decline,0,False
p00525,decline,strong_decline,0,True
p00564,decline,moderate_decline,0,False
p00593,decline,moderate_decline,0,False
p00631,decline,strong_decline,0,False
p00641,stable,moderate_decline,0,False
p00657,increase,stable,0,True
p00662,decline,strong_decline,0,False
p00719,decline,strong_decline,0,False
p00745,stable,moderate_decline,0,False
p00799,increase,stable,0,True
p00865,stable,stable,0,False
p00867,stable,moderate_decline,0,False
p00878,decline,moderate_decline,0,False
p00910,decline,moderate_decline,0,False
p00916,increase,stable,0,False
p00929,stable,moderate_decline,0,False
p00946,stable,moderate_decline,0,False
p00972,decline,strong_decline,0,False
p00974,stable,moderate_decline,0,False
p00981,decline,moderate_decline,0,False
p00985,stable,stable,0,False
p00995,stable,stable,0,False
p01041,decline,strong_decline,0,False
p01066,stable,stable,0,False
p01113,stable,stable,0,False
p01125,increase,stable,0,False
p01129,stable,moderate_decline,0,False
p01145,decline,strong_decline,0,False
p01170,decline,strong_decline,0,False
p01210,increase,stable,0,True
p01242,decline,moderate_decline,0,False
p01247,stable,moderate_decline,0,False
p01252,decline,moderate_decline,0,False
p01278,decline,moderate_decline,0,False
p01289,decline,moderate_decline,3,True
p01325,stable,stable,0,True
p01338,decline,moderate_decline,0,False
p01350,decline,strong_decline,0,True
p01371,decline,strong_decline,1,True
p01375,decline,strong_decline,0,False
p01429,decline,moderate_decline,0,False
p01448,decline,moderate_decline,0,False
p01462,stable,moderate_decline,0,False
p01466,increase,slight_greening,0,False
p01485,increase,stable,0,False
p01498,increase,greening,0,False
p01571,stable,moderate_decline,0,False
p01727,stable,stable,0,False
p01735,stable,stable,0,False
p01788,decline,strong_decline,0,False
p01793,increase,stable,0,False
p01822,stable,stable,0,False
p01832,stable,moderate_decline,0,False
p01866,increase,slight_greening,0,False
p01873,increase,stable,0,False
p01875,increase,stable,0,False
p01890,stable,moderate_decline,0,False
p01899,decline,moderate_decline,0,False
p01929,stable,moderate_decline,0,False
p01947,decline,moderate_decline,0,False
p01992,decline,moderate_decline,0,False
p02026,decline,moderate_decline,0,False
p02032,stable,moderate_decline,0,False
p02076,increase,stable,0,False
p02091,stable,moderate_decline,0,False
p02094,decline,moderate_decline,0,False
p02113,decline,moderate_decline,0,False
p02149,stable,stable,0,False
p02186,stable,stable,0,False
p02203,stable,moderate_decline,0,False
p02243,stable,stable,0,False
p02284,stable,stable,0,False
p02366,increase,slight_greening,0,False
p02382,increase,slight_greening,0,False
p02436,decline,strong_decline,0,False
p02442,decline,moderate_decline,0,False
p02466,stable,stable,0,False
p02523,stable,moderate_decline,0,False
p02531,stable,moderate_decline,0,False
p02533,decline,moderate_decline,0,False
p02547,stable,moderate_decline,0,False
p02580,stable,moderate_decline,0,False
p02621,decline,moderate_decline,0,False
p02666,stable,stable,0,False
p02698,increase,stable,0,False
p02706,decline,strong_decline,0,False
p02780,decline,strong_decline,0,False
p02783,increase,stable,0,False
p02805,stable,stable,0,False
p02829,stable,stable,0,False
p02836,stable,moderate_decline,0,False
p02839,decline,moderate_decline,0,False
p02843,increase,stable,0,False
p02918,decline,moderate_decline,0,False
p02927,decline,strong_decline,0,False
p02934,decline,moderate_decline,0,False
p03009,stable,stable,0,False
p03029,decline,moderate_decline,0,False
p03032,decline,moderate_decline,0,False
p03035,increase,slight_greening,0,False
p03038,stable,stable,0,False
p03046,decline,strong_decline,0,False
p03191,decline,strong_decline,0,False
p03198,decline,moderate_decline,0,False
p03217,stable,moderate_decline,0,False
p03232,decline,strong_decline,0,False
p03323,stable,stable,0,False
p03340,decline,moderate_decline,0,False
p03371,decline,moderate_decline,0,False
p03400,stable,stable,0,False
p03428,stable,moderate_decline,0,False
p03489,decline,strong_decline,0,False
p03504,increase,slight_greening,0,False
p03508,stable,moderate_decline,0,False
p03525,stable,moderate_decline,0,False
p03539,decline,moderate_decline,0,False
p03545,increase,stable,0,True
p03547,increase,slight_greening,0,False
p03570,stable,moderate_decline,0,False
p03585,decline,strong_decline,0,False
p03587,increase,stable,0,False
p03591,stable,stable,0,False
p03620,decline,moderate_decline,0,False
p03622,stable,stable,0,False
p03627,stable,stable,0,False
p03668,stable,stable,0,False
p03683,increase,stable,0,False
p03691,increase,greening,0,False
p03698,decline,strong_decline,0,False
p03714,increase,stable,0,False
p03734,stable,stable,0,False
p03805,increase,stable,0,False
p03825,increase,greening,0,False
p03829,stable,stable,0,False
p03849,increase,slight_greening,0,False
p03893,increase,greening,0,False
p03903,increase,slight_greening,0,False
p03908,stable,stable,0,False
p03922,increase,stable,0,False
p03931,increase,stable,0,False
p03943,increase,stable,0,False
p03976,decline,strong_decline,0,False
p04010,increase,stable,0,False
p04016,increase,stable,0,False
p04018,increase,slight_greening,0,False
p04035,increase,greening,0,True
p04038,stable,stable,0,False
p04093,increase,stable,0,False
p04105,increase,slight_greening,0,False
p04120,increase,stable,0,False
p04123,increase,stable,0,False
p04125,increase,stable,0,False
p04128,increase,slight_greening,0,False
p04146,increase,stable,0,False
p04187,decline,moderate_decline,0,False
p04189,decline,strong_decline,0,False
p04238,stable,stable,0,False
p04292,increase,stable,0,False
p04305,increase,stable,0,False
p04310,increase,slight_greening,0,True
p04316,stable,stable,0,False
p04339,decline,moderate_decline,0,False
p04345,stable,stable,0,False
p04348,stable,stable,0,False
p04370,stable,moderate_decline,0,False
p04374,stable,stable,0,False
p04387,stable,moderate_decline,0,False
p04395,decline,strong_decline,0,False
p04431,increase,slight_greening,0,False
p04436,increase,slight_greening,0,False
p04524,increase,stable,0,False
p04529,increase,greening,0,False
p04534,increase,slight_greening,0,False
p04538,increase,slight_greening,0,True
p04574,stable,stable,0,False
p04592,decline,strong_decline,0,False
p04618,stable,stable,0,False
p04627,increase,greening,0,False
p04630,stable,stable,0,False
p04686,decline,strong_decline,0,False
p04689,decline,strong_decline,0,False
p04729,increase,slight_greening,0,False
p04779,increase,stable,0,False
p04794,decline,strong_decline,0,True
p04804,decline,strong_decline,0,False
p04822,increase,slight_greening,0,False
p04831,stable,stable,0,False
p04835,increase,stable,0,False
p04872,increase,slight_greening,0,False
p04887,decline,strong_decline,0,False
p04911,increase,stable,0,False
p04926,increase,stable,0,False
p04938,decline,strong_decline,0,False
p04956,increase,greening,0,False
p05036,decline,moderate_decline,0,False
p05043,increase,stable,0,False
p05073,increase,stable,0,False
p05075,stable,stable,0,False
p05089,decline,strong_decline,0,False
p05098,decline,moderate_decline,0,False
p05107,decline,strong_decline,0,False
p05112,increase,greening,0,False
p05125,increase,greening,0,False
p05129,stable,stable,0,False
p05194,decline,strong_decline,0,False
p05209,stable,moderate_decline,0,False
p05214,increase,stable,0,False
p05227,increase,stable,0,False
p05273,stable,stable,0,False
p05279,increase,stable,0,False
p05286,stable,stable,0,False
p05299,increase,slight_greening,0,False
p05320,increase,slight_greening,0,False
p05332,stable,stable,0,False
p05360,increase,slight_greening,0,False
p05393,stable,stable,0,False
p05418,increase,greening,0,False
p05422,increase,slight_greening,0,False
p05472,decline,moderate_decline,0,False
p05486,stable,stable,0,False
p05499,increase,greening,0,False
p05551,increase,greening,0,False
p05602,stable,stable,0,False
p05604,decline,strong_decline,0,False
p05614,increase,stable,0,False
p05615,stable,stable,0,False
p05623,stable,moderate_decline,0,False
p05632,decline,moderate_decline,0,False
p05685,increase,stable,0,False
p05719,increase,slight_greening,0,False
p05725,decline,moderate_decline,0,False
p05758,increase,greening,0,False
p05761,increase,greening,0,False
p05796,increase,stable,0,False
