patch_id,candidate_class,reference_class,validation_status,validation_tier,notes,review_date
p03276,stable,,pending,pilot_full,,
p01963,stable,,pending,pilot_full,,
p00660,stable,,pending,pilot_full,,
p01745,stable,,pending,pilot_full,,
p02432,stable,,pending,pilot_full,,
p02976,stable,,pending,pilot_full,,
p00534,stable,,pending,pilot_full,,
p03305,stable,,pending,pilot_full,,
p02139,stable,,pending,pilot_full,,
p01325,stable,,pending,pilot_full,,
p02742,stable,,pending,pilot_full,,
p05082,stable,,pending,pilot_full,,
p01561,decline,,pending,pilot_full,,
p04938,decline,,pending,pilot_full,,
p04794,decline,,pending,pilot_full,,
p01350,decline,,pending,pilot_full,,
p05191,decline,,pending,pilot_full,,
p00052,decline,,pending,pilot_full,,
p01289,decline,,pending,pilot_full,,
p00525,decline,,pending,pilot_full,,
p00668,decline,,pending,pilot_full,,
p02718,decline,,pending,pilot_full,,
p00460,decline,,pending,pilot_full,,
p01371,decline,,pending,pilot_full,,
p03635,increase,,pending,pilot_full,,
p05122,increase,,pending,pilot_full,,
p04416,increase,,pending,pilot_full,,
p03545,increase,,pending,pilot_full,,
p04035,increase,,pending,pilot_full,,
p04538,increase,,pending,pilot_full,,
p04310,increase,,pending,pilot_full,,
p03642,increase,,pending,pilot_full,,
p01210,increase,,pending,pilot_full,,
p00657,increase,,pending,pilot_full,,
p05612,increase,,pending,pilot_full,,
p00799,increase,,pending,pilot_full,,
